<?xml version="1.0" encoding="utf-8"?>
<extension
	type="module"
	version="2.5"
	client="administrator"
	method="upgrade">
	<name>JPopular - Popular Articles by Day for Admin</name>
	<author>&lt;a href='http://www.noxidsoft.com/' target='blank' style=''&gt;&lt;b&gt;Noxidsoft - Noel Dixon&lt;/b&gt;&lt;/a&gt;</author>
	<creationDate>June 2013</creationDate>
	<copyright>Copyright (C) 2007 - 2013 Noxidsoft. All rights reserved.</copyright>
	<license>GNU General Public License version 2 or later; see LICENSE.txt</license>
	<authorEmail>admin@noxidsoft.com</authorEmail>
	<authorUrl>www.noxidsoft.com</authorUrl>
	<version>2.5.21</version>
	<description>MOD_JPOPULAR_XML_DESCRIPTION</description>
	
	<files>
		<filename module="mod_jpopular">mod_jpopular.php</filename>
		<folder>tmpl</folder>
		<folder>language</folder>
		<filename>helper.php</filename>
		<filename>index.html</filename>
		<filename>mod_jpopular.xml</filename>
	</files>

	<config>
		<fields name="params">
			<fieldset name="basic">

				<field
					name="catid"
					type="category"
					extension="com_content"
					multiple="true"
					size="10"
					default=""
					label="JCATEGORY"
					description="MOD_JPOPULAR_FIELD_CATEGORY_DESC" >
					<option value="">JOPTION_ALL_CATEGORIES</option>
				</field>

				<field
					name="count"
					type="text"
					default="5"
					label="MOD_JPOPULAR_FIELD_COUNT_LABEL"
					description="MOD_JPOPULAR_FIELD_COUNT_DESC" />
				
				<field
					name="show_hits"
					type="radio"
					default="0"
					label="MOD_JPOPULAR_FIELD_HITS_LABEL"
					description="MOD_JPOPULAR_FIELD_HITS_DESC">
					<option
						value="1">JSHOW</option>
					<option
						value="0">JHIDE</option>
				</field>
				
				<field name="jrelative_date_pop" type="text" default="0"
					label="MOD_ARTICLES_CATEGORY_FIELD_RELATIVEDATE_LABEL"
					description="MOD_ARTICLES_CATEGORY_FIELD_RELATIVEDATE_DESC" />
					
				<field name="order_field" type="list" default="DESC"
					label="MOD_JPOPULAR_FIELD_ORDER_LABEL"
					description="MOD_JPOPULAR_FIELD_ORDER_DESC">
					<option value="DESC">Descending
					</option>
					<option value="ASC">Ascending
					</option>
				</field>
				
				<field name="excluded_articles" type="textarea"
					cols="10" rows="3"
					label="MOD_ARTICLES_CATEGORY_FIELD_EXCLUDEDARTICLES_LABEL"
					description="MOD_ARTICLES_CATEGORY_FIELD_EXCLUDEDARTICLES_DESC" />
					
			</fieldset>

			<fieldset
				name="advanced">

				<field
					name="layout"
					type="modulelayout"
					label="JFIELD_ALT_LAYOUT_LABEL"
					description="JFIELD_ALT_MODULE_LAYOUT_DESC" />

				<field
					name="moduleclass_sfx"
					type="text"
					label="COM_MODULES_FIELD_MODULECLASS_SFX_LABEL"
					description="COM_MODULES_FIELD_MODULECLASS_SFX_DESC" />

				<field
					name="cache"
					type="list"
					default="1"
					label="COM_MODULES_FIELD_CACHING_LABEL"
					description="COM_MODULES_FIELD_CACHING_DESC">
					<option
						value="1">JGLOBAL_USE_GLOBAL</option>
					<option
						value="0">COM_MODULES_FIELD_VALUE_NOCACHING</option>
				</field>

				<field
					name="cache_time"
					type="text"
					default="900"
					label="COM_MODULES_FIELD_CACHE_TIME_LABEL"
					description="COM_MODULES_FIELD_CACHE_TIME_DESC" />

				<field
					name="cachemode"
					type="hidden"
					default="static">
					<option
						value="static"></option>
				</field>

			</fieldset>
		</fields>
	</config>
</extension>
